period,coef,se,ci_low,ci_high,n_treated,n_control
-2.0,-0.0010689445113163942,0.017346988217210063,-0.03506904141704812,0.03293115239441533,11664,7568
-1.0,0.0,0.016849990891289742,-0.033025982146927896,0.033025982146927896,11664,7568
0.0,-0.05994010811966036,0.018634434905843576,-0.09646360053511377,-0.02341661570420695,11664,7568
1.0,-0.07654094784356266,0.0216888969980034,-0.11905118595964934,-0.034030709727475995,11664,7568
2.0,-0.003310518913068744,0.02135894102545611,-0.045174043322962716,0.03855300549682523,11664,7568
3.0,0.05337589385228367,0.019845286153671517,0.014479132991087496,0.09227265471347984,11664,7568
4.0,0.013080872533704963,0.019202380180157068,-0.02455579261940289,0.050717537686812815,11664,7568
